Original Part,Quantity
PT06A-12-4S(SR),1
97-22-10S,2
PT06SE-14-5S(SR),1
97-3101A28-21P,1
MS27505E13F98P,1
97-3106A-24-2S,1
PTB12-10PS,1
MS3106A20-15S,1
97-3108A-22-22S,1
BA3-X0-04-129-221-D,1
AG2-B0-24-620-11A-D,1
1300000076,1
1300170008,1
63827-3400,1
1200720471,1
1200680195,1
1201000001,1
63443-0012,1
74546-0813,1
1300080028,1
1300090517,1
19418-0040,1
63819-0875,1
97-28-21S(431),2
U10-825813-07S,1
97-3101A-22-14S(946),1
97-3101A24-28S,1
M39029/76-424,1
MS3102A22-12P,1
MS3100E22-22P,1
MS27508E10A35P,1
D38999/20KD35PN,1
D38999/26WD97SN,1
D38999/26KJ61SN,1
D38999/20JC35PA,1
D38999/26MJ19SN,1
D38999/26WE6PN,1
D38999/26JJ61PN,1
D38999/20WG16SA,1
D38999/26WF32SA,1
D38999/26MA98SA,1
D38999/20WH53SN,1
D38999/24WE8SN,1
MS27508E10B35P,1
D38999/26JC35PN,1
MS3476W18-8P,1
D38999/20JE35SA,1
MS27508E10B35S,1
D38999/26WA98PB,1
D38999/26WD97SA,1
D38999/26WG11PN,1
D38999/20FE6PA,1
MS27508E10F35P,1
D38999/26FJ4PN,1
D38999/26MJ61PN,1
DF-G2-PS-Q5,1
M18SP6FF100Q,1
QMT42VN6AFV400Q,1
WLB32ZC570PBQMB,1
DS18VP6FF100Q5,1
TL50RAOSQ,1
QS18VP6LD,1
T18-2VNDL-2M,1
RM1E60AA100,1
CA18CLF08TO,1
DUB01CB23500V,1
DPA51CM44,1
EC3016TBAPL,1
RHS112A,1
RM1E23AA50,1
RGC3A60A25KKE,1
DPD02DM44,1
DPB52CM44,1
RM1A60A25,1
EO1804PPAS,1
RZ3A60D25,1
EI1805PPOSL,1
DPB01CM48,1
DPC01DM23,1
CD34CNFLFPOT5,1
CA30CAF16PA,1
RM1E48AA25,1
RA4850-D12,1
DIB01CD485A,1
CD46CNC10NP,1
3400S-1-101L,1
3400S-1-102L,1
3610S-1-102,1
3683S-1-104L,1
3400S-1-501L,1
3400S-1-103L,1
3541H-1-103L,1
3549S-1AA-102B,2
1669-06,1
CX480D5,2
PMP4850W,1
SP-320-12,1
BI5-P18-AZ3X-B2331,1
DRP-24V480W1CAN,1
9W1BM12P2M001,1
PX2EN1XX100PSAAX,1
PM-05-24,1
PT2443,1
SPD-50-3,1
THN 10-4811WIR,1
USB-4716-BE,1
84903020,1
P992-2-C,1
SE-600-12,1
PUZ3-D12-S24-D,1
NBN30-U4-A2,1
880175-0002,1
D2410PG,1
FEF-PLT1-L2,1
ICS05S23F08A2PO,1
LR600240D40,1
2878696,1
1522781,1
2700200,1
2902037,1
2800851,1
PKG 4M-1-PSG 4M/S90/S618,1
PS010V-303-2UPN8X-H1141,1
PGMMOD05,1
BI15U-Q20-AP6X2-H1141,1
BI2U-EH6.5-AP6X,1
NI35U-CK40-ADZ30X2-B3131 W/BS4,1
NI4-M12-AN6X-H1141,1
SMU315D,1
NI10-G18-AZ3X,1
BI10-G30-AZ3X-B1131,1
NI50U-CK40-VP4X2-H1141,1
RK4.4T-5-RS4.4T,1
2966634,1
2861331,1
ASG000,1
ASG001,1
PFM4414BB6M24D0T08,1
30723,1
DCM3414V50M06A8C01,1
V28A24C200BL,1
MI-J21-MY,1
PFM4914BB6M48D0C04,1
PFM4414BB6M48D0C04,1
DCM3714VD2H53E0C01,1
HW4B-V4F02-R-EMO-2,1
1086475,1
K50LGRY6PQ,1
GEM18I09-P1J,1
CKF 12-12-3,1
VPM48-10400,1
BIOAMPEXGP-01,1
VFM-25C,1
TSWB-010,1
269EX,1
84137180N,1
ET3542-053,1
CXE380D5,1
2903677,1
BCB0812UHN-TP09,1
EVC002,1
IIS206,1
M18-3VPDL-Q8,1
3662,1
P138A,1
EFP204A66F,1
CCA13S/90,1
3677-2,1
UEB220-3U,1
T68A/M,1
CG1-160/12,1
T42-1/M,1
4112-5,1
CG3-160E/12,1
T28/C,1
RE96MW,1
CCM13S/90,1
170H48WE,1
3677-6,1
169P79WE,1
H12WD4890PG,1
84137380,1
CC4850W3VH,1
HD4850KG,1
XA1E-BV4U02T-R,1
0046-BLUE,1
0007,1
CS-TINYPICO-05,1
3602-001TG,1
3602-041TC,1
3602-041TG,1
1-4635T,1
7922,1
APM-RATE-APO,1
7932,1
APM-SHUNT-APO,1
3602-111TC,1
1-4645,1
2986025,1
3RT20171AP01,1
APM-PROC-APO,1
TW-E41-T1,1
TW-DIY-5141,1
3602-111TG,1
4206-001LF,1
SMA30PELQDB,1
KT5VD-H,1
2891110,1
OA254AP-11-1TB,1
440G-T27134,1
440R-EM4R2D,1
KL1104,1
EL1809,1
KL9100,1
KL2408,2
EL1004,1
EK1122,1
EL1008,1
KL2622,1
El2008,1
BK3150,1
RL90-18/00,1
55442.41010,1
4416M,1
M2E068-BF83-12,1
R2D250-AF10-12,1
W2E250-HJ28-01,1
W2E250-DB13-51,1
8556V,1
8556VW,1
4656ZW,1
5114N/2,1
W2E250-CB05-51,1
W2G115-AG71-12,1
TRABT1560,1
B4505CN,1
TRAT1500,1
Y4503,1
FG8963,1
TRA6927M3PWN-001,1
5938,1
8856V,1
2161-4-7320,1
A2E250-AE65-02,1
4314U,1
8412NLE,1
624H,1
R2E225-BA47-09,1
A2D200-AA04-41,1
622HH,1
R2E175-AC91-05,1
3214J/2H4P,1
8314/19H,1
3314NNU,1
614NHU,1
G2E108-AG63-01,1
DV6224/2,1
RG125-19/56,1
4184NXHH,1
4800N,1
G2E160-AY47-01,1
8506TA,1
55600.01351,1
RER120-26/14/2TDP,1
4112N/12GL-175,1
8414NGH,1
4312,1
4414F/2,1
A4E330-AP18-13,1
W2E200-CI38-01,1
DV6248TDP,1
4656Z,1
4112NH3,1
T3DSO1104,1
4288-10,1
PP018-1,1
7078-TRX-TBC,1
VLM60E-24-T,1
PP017-1,1
CP031,1
T3AFG120,1
3740,1
B255ABXP-48D,1
ND-232,1
2280S-32-6,1
T3DSO1000-FG,1
8880A,1
3956L,1
4530N,1
8414N/2G,1
255M,1
3314NH3,1
9621-2-4013,1
WS3K-MSO,1
2400,1
2602B,1
2510-AT,1
2604B,1
4184NMCR,1
612NLE,1
R2E180-CB28-01,1
6248N/2,1
A2D250-AA06-52,1
ACI4420ML,1
255H,1
612NGN,1
614NL,1
A2D250-AH02-01,1
5958W,1
RER160-28/14N,1
4656NU,1
DV4114N,1
W4D400-CP12-31,1
5958,1
QG030-303/12,1
A4E350-AA06-02,1
5214N/2HH,1
8314HR,1
R2E225-RA40-21,1
DV4112N,1
4312U,1
3412N/2HH,1
5900-505,1
4484F,1
4414FNH,1
3412NME,1
3214JH3,1
4118N/2H8P,1
3906,1
W4D350-CA04-52,1
R4E180-AB09-29,1
4412F/2GP-535,1
RG125-19/14N,1
R3G310-AN43-71,1
3906L,1
8500TA,1
3412NG,1
QG030-148/12,1
915.10288.V,1
W2S130-AA03-46,1
RG160-28/14N,1
S2E300-BC47-02,1
SWI24-15-N-P5,1
IMC-101-M-ST,1
BB-ABDN-ER-IN5010,1
614NGM,1
7118N,1
8412NU,1
8412NME,1
8414N,1
3656,1
4188NXM,1
PG1W-012-060-09,1
W2E300-CC47-01,1
414J,1
4312G,1
CUB4L020,1
QS18VN6D,1
PAXLA000,1
OT32E3P/GOV,1
2901674,1
CUB7CCS0,1
PAXC0020,1
C48CS013,1
PS6R-G24,1
PAX2D000,1
TXLN 060-105,1
CUB7TCS0,1
QS303E W/30,1
2909642,1
C48TS003,1
PAXLCR00,1
PXU11D20,1
PXU31A20,1
EDR-G902,1
C48CD102,1
LD400600,1
CUB5RTB0,1
WF1000BF,1
VT-UIPM-431-H,1
DSPSX000,1
2904598,1
3-1423164-5,1
4-1618276-3,1
8412N,1
HX0K-024-000-02,1
4840N,1
4114NHU-295,1
A2D300-AD02-01,1
4112N/12GLM-169,1
4312NH,1
W2G115-AE31-01,1
463.92409,1
4412FNH,1
4114NH4,1
W2E200-HH38-05,1
3214JH,1
ACI4400MLR,1
G2E120-AR38-43,1
A2D300-AP02-02,1
W2G110-AK43-31,1
IQS620AEV04-S,1
624M,1
8414NML,1
494.92454,1
3314N/2N,1
8214JH4,1
W2E250-CM08-70,1
8414NM,2
6224NU,1
R2D220-AA24-13,1
7112N,1
55416.30250,1
4656X,1
3314NHHU,1
6212NM,1
464.92418,1
2164-4-7320,1
614JH,1
4414FN/2HP-183,1
4656TZ,1
4606ZW,1
DV6318/2TDH4P,1
DV6224,1
G2E120-CR21-01,1
R1G133-AA65-36,1
RD20S-4/210660,1
414JHH,1
RG125-19/18N,1
4398,1
4114NH6,1
4550N,1
712F,1
5214NH,1
4394,1
5212NM,1
4890N,1
W2E142-BB05-01,1
W1G180-AB31-01,1
D2E097-BI52-A4,1
D2E146-HT75-45,1
R1G175-AB63-02,1
W2S130-BM15-01,1
R3G220-RC05-03,1
W2E142-BB01-28,1
R2E280-AE52-05,1
R2E140-AI31-30,1
8212JH3,1
D2E133-AM67-64,1
G2S085-AA19-15,1
DV6424,1
8412NGMLV,1
AC8300H,1
8314/2H,1
R4E355-AF05-09,1
RVE45-3/54/2A,1
4314T,1
464.92403,1
614NHHU-286,1
4412N,1
4606N,1
6224NTDA,1
S2E250-AL06-70,1
AC4300H,1
AC4400FNN,1
D2E146-HT67-01,1
A2D250-AA06-44,1
DV5214NU,1
W1G130-AA49-01,1
7114N/2,1
4114N/17H-265,1
4118NH6,1
8318,1
614J/2H,1
W2S130-AA03-90,1
4114NH5,1
4114NHH,1
W2E200-HH38-13,1
W2E143-AB09-06,1
EE1G-115-180-04,1
55416.34099,1
R2E175-AC79-22,1
3312V,1
55416.17021,1
622M,1
8312,1
950.10041.V,1
3214J/39NU,1
8314L,1
W2S130-AA25-72,1
A2D250-AA02-02,1
4656ZH,1
21490-1-0174A,1
3906M,1
RG90-18/14N,1
4314-180,1
A2S130-AA03-01,1
RL65-21/12H,1
95777-1-5171,1
R2E225-BD92-36,1
RL65-21/14,1
4118N/12-190,1
3212JH4,1
5114N,1
W2S130-BM03-01,1
3314NH,1
412JHH,1
D2E133-DM47-A3,1
6448H,1
6424H,1
R2E250-AL03-10,1
D2E133-AM47-23,1
RAM1A60D125,1
8312H,1
5214NN,1
R2S175-AB56-01,1
RL90-18/06,1
R2E133-BH72-13,1
4412FGM,1
FT-170-300-002,1
4314NNU,1
R2S133-AE17-05,1
R2D225-AG02-10,1
W2E200-HH82-01,1
3606,1
8500N,1
4114NXU,1
4414FNN,1
4650X,1
8556A,1
915.10215.V,1
D1G133-AB39-52,1
R2E225-BE51-13,1
494.92453,1
492.92407,1
8418N,1
D2E146-CD51-23,1
VTD-24.40-K4S,1
R3G146-AE43-05,1
4184N/17X,1
RL90-18/50,1
RER175-42/18/2TDP,1
D2E133-DM67-78,1
FE1Q-115-060-02,1
W4E350-CN25-70,1
A4E450-AP01-01,1
D2E097-BE11-77,1
R2E225-BE47-18,1
W3G250-HK35-11,1
8412N/2GHP,1
W2D300-CP02-31,1
R2D180-AL10-18,1
S2E250-BB13-22,1
R2E180-AS77-05,1
RG160-28/14NTDA,1
6424HU,1
3412NGLE,1
D2E133-DM47-23,1
5112N,1
464.92401,1
W2E143-AB15-01,1
EG1R-480-280-13,1
2165-4-7320,1
8500VW,1
8414N/2H,1
RG125-19/12N,1
6314N/2TDHHP,1
W3G300-BV12-41,1
4118NHU-294,1
RL48-19/14ML,1
4414/12M,1
8214JH3,1
D2E097-BI56-02,1
R4E355-AL02-06,1
D2E146-HT67-02,1
DV6248U,1
UM232H,1
C232HD-EDHSP-0,2
TTL-232RG-VSW5V-WE,1
USB-COM485-PLUS2,1
VDRIVE2,1
TTL-234X-3V3-AJ,2
TTL-232R-3V3-PCB,1
4318/12T,1
G2E133-DN77-01,1
K3G250-RE07-07,1
2168-4-7320,1
3218JN,1
W2D250-CH12-14,1
A2D250-AA06-84,1
A2E200-AH86-75,1
8218J/2H4,1
RL90-18/12N,1
95778-1-5171,1
R2E225-AT51-05,1
8214J/2H4P,1
RG190-39/182TDO,1
DV6318/2TDH5P,1
D1G133-AB29-52,1
6424U,1
D2E097-BI56-48,1
4312/19,1
4184NGX,1
4624N,1
A2E200-AH38-01,1
950.10040.V,1
8412N/2,1
R2E250-RA50-09,1
A6D630-AN01-01,1
A2D250-AI02-01,1
W4E315-CS20-71,1
W2S130-AB03-15,1
DV6448/12,1
W2G110-AN27-13,1
A2D200-AI18-01,1
W2E208-BA86-51,1
4184NH,1
612NN,1
D4E146-AA07-22,1
W2G115-AD15-13,1
4382L,1
6314H,1
R2E250-RB06-12,1
3312NM,1
UMFT230XB-WE,1
DB9-USB-D5-M,1
8556TV,1
UM232R,1
4314/2,1
FT2232H MINI MODULE,1
UMFT602A-B,1
RL90-18/18NH,1
492.92404,1
ACI4420HH,1
TTL-232R-3V3-AJ,1
USB-COM485-PLUS1,1
G1G160-BH29-52,1
W2D200-CA02-02,1
6224NH,1
D2E133-AB21-33,1
M4E068-DF01-01,1
W4E315-CS20-70,1
VM800B50A-BK,1
MM900EV1B,1
VM800B35A-BK,1
8312M,1
VM800C43A-D,1
3212J/2NU-343,1
USB-COM485-PLUS4,1
3414NHH,1
3806,1
R2E250-AW50-05,1
W2S130-AA25-76,1
R4E225-AI01-10,1
W2G130-AA33-20,1
R1G220-AB35-52,1
R2E250-AL05-16,1
R2E140-AL40-05,1
G2E140-AE77-01,1
A4D350-AA06-01,1
UMFT230XB-NC,1
DB9-USB-D5-F,1
USB-COM422-PLUS1,1
DB9-USB-D3-F,1
TTL-232R-3V3-AJ,2
UMFT4222PROG-IC-B,1
TTL-232R-5V-AJ,2
USB-RS232-WE-5000-BT_0.0,1
TTL-234X-3V3-AJ,1
TTL-232R-3V3-WE,2
2902991,1
LC234X,1
UMFT200XD-NC,1
D2E097-BE01-02,1
5988,1
4118NH4,1
915.10290.V,1
DV5214/2N,1
8214J/2H3,1
W2S130-AB03-21,1
R2E270-AA01-05,1
RG160-28/56S,1
W2E200-HH86-90,1
RLF100-11/12/2HP-200,1
RVE45-3/54/2P,1
W2E250-DB13-52,1
4118N/2H4PU,1
DV5212N,1
S4E315-AC08-07,1
W2E142-BB01-31,1
RL65-21/14H,1
4118N/2H7P,1
614NHH-119,1
6318H,1
614NN,1
4314S,1
G2E180-EH03-01,1
TTL-232RG-VIP-WE,2
V2DIP1-48,1
TTL-232R-5V,1
1027843,1
USB-COM422-PLUS-1,1
4414F/17MD-182,1
A2D170-AA04-02,1
2218F/2TDHHO,1
4114N/2X,1
A2S130-AA03-31,1
3956,1
4414M,1
5212NH,1
612NHH-118,1
R2S150-AA08-29,1
7214N,1
W2D250-HH14-09,1
ACI4400/2HHP,1
5312/2TDHP,1
R4E400-AP17-11,1
RG160-28/14NU,1
R2E220-AA52-46,1
W2S130-AA03-87,1
2170-4-7320,1
W2G107-AD03-13,1
4412F,1
FF172,1
8452/2H4P,1
RV45-3/14S,1
RLF100-11/18,1
915.10278.V,1
R2D220-AB02-10,1
3410-3010,1
1057377-1,1
AH10928V07500IE,1
RHL1K5E,1
XCSE5511,1
144600,1
8-1393766-2,1
CUF-42-70010,1
QCM044PC2DC006B,1
CB-1042B-30,1
2-1617031-4,1
VHB100W-Q24-S5,1
7-1393030-0,1
SSR-240A50,1
58514-1,1
531721-1,1
58545-1,1
3-1393136-9,1
CKB-38-37010,1
1423161-8,1
91559-1,1
OTBVN6QD,1
83733310,1
6318/2TDHHP,1
8218JH4,1
W2S130-AA25-65,1
618NM,1
3212J/2N-301,1
W1G200-EC87-25,1
4184NX,1
91563-1,1
R2E133-BH66-05,1
4318,1
2-1617038-8,1
9956L,1
3414NGHH,1
1-1617073-4,1
1102855-7,1
W2E143-AA15-01,1
D4E160-DA01-22,1
3556,1
4600X,1
4182NX,1
8414NLU,1
R2E180-AH05-06,1
A2D250-AD26-05,1
RER125-19/14N,1
6314/2TDHHP-015,1
7212N,1
492.92456,1
4650N,1
F7-24,1
VPS24-1000,1
F-57X,1
TLD1020-12,1
TCT40-05E07AB,1
F5-12,1
F6-10,1
VPT36-2780,1
F-261U,1
F6-12,1
FD6-24,1
VPP36-560,1
F8-12,1
F-21A,1
EDS-308-MM-ST-T,1
WSU150-1600-R,1
WDU9-1000,1
VPS12-6300,1
WSU090-3500,1
790081-2,1
W93-X112-15,1
CUA-41-70003,1
VMAXAA,1
1-5209943-0,1
1-1617146-2,1
1934226-1,1
1102703-1,1
91569-1,1
2-1105870-8,1
2-530745-2,1
7024AC,1
91508-1,1
VPP24-1250,1
VPT24-10420,1
F-25X,1
VPS24-7300,1
VPL24-2000,1
AWSP40-24,1
WDU9-1200,1
VPT230-1090,1
WSU240-1000-13,1
N-76U,1
VPL16-1600,1
2715584,1
WDU12-1200-12,1
TLD1040-36-C0700,1
WAU240-500-SG,1
N-11MG,1
FS20-1800-C2,1
WDU9-500,1
WDU15-1700,1
SP-13,1
MD-250-U,1
F36-1000,1
N-500MG,1
VPL24-1100,1
VPP24-2330,1
WSU060-4000-13,1
F7-12,1
N-66A,1
FP230-25,1
VPS16-11000,1
C-8X,1
VPL20-2500,1
F7-48,1
VPT12-8330,1
VPS36-2200,1
VPS20-4000,1
839564-2,1
QS18VP6AF100,1
2-1103212-3,1
1055461-1,1
3-1423164-0,1
SSRM-600A55,1
KA-11DG-110,1
VPS10-17500,1
F260U,1
WSX135-1770-13,1
FD8-16,1
VPM30-1670,1
WDU9-2300,1
VPM240-420,1
VPT36-6940,1
N-1000MG,1
WSU180-2000,1
WSU240-1000-R13,1
VPM240-670,1
VPT12-20800,1
VPM36-4440,1
SP-20,1
F-302U,1
WSU075-4000,1
VPT48-3300,1
GDE25-2,1
F-96U,1
F-22A,1
WSU120-1500-R13,1
SP-67,1
WSU050-4000-R13,1
VPP12-1600,1
VPM48-2080,1
WDU6-600,1
VPT230-430,1
TCT40-02E07K,1
MD-500-E,1
FP56-100,1
VPM240-210,1
LCM300L-T-4,1
LPS44,1
ADNB075-12-1PM-C,1
AXA000H36-L,1
CNS653-MF,1
NPS63-M,1
NPT44-M,1
FP30-85,1
WSU135-1330,1
WSU090-2500-R,1
F10-110-C2,1
F-221U,1
TLD1040-12,1
F-6X,1
F-241U,1
WAU12-2500,1
F-229X,1
VPL24-400,1
WDU24-500,1
VPL36-1400,1
F-124X,1
ASA01BB12-M,1
WSU050-3000-13,1
MET-60-T,1
GDE25-6,1
LCC250-12U-7P,1
CPS258-M,1
VPP36-820,1
AEE04F36-LS,1
AYA01AA12-L,1
WSU180-1000,1
VPT36-4440,1
ADO300-48S05-6LI,1
TCT50-07E07AB,1
VPS16-2700,1
TLM4036DC-0350,1
FP20-300,1
FP16-750,1
AYA01BB12-L,1
AEE01AA18-LS,1
ADNB064-15-1PM-C,1
ASA01B24-M,1
ADNB034-12-1PM-C,1
NPS45-M,1
NPS43-M,2
LPS203-M,1
VPP20-2800,1
VPP12-800,1
VPS230-110,1
AWSP150-12,1
SP-49,1
SP-21,1
WSU150-1200-R,1
VPP12-2400,1
VPT36-690,1
VPP24-420,1
WSU090-3500-13,1
VPS12-14000,1
F-212Z,1
FD6-28,1
FP230-50,1
WSU180-1000-13,1
WSU090-2000-13,1
F-184X,1
VPT30-3330,1
WSU240-0750,1
VPM48-1040,1
WSU180-1330-R13,1
FP16-3000,1
F-1X,1
WSX060-4000-R13,1
VPT18-1390,1
VPM30-3330,1
WDU24-300,1
WAU200-600,1
VPP28-2000,1
FD7-36,1
VPS20-8800,1
WAU120-1000-SG,1
WSU060-4000-R,1
F6-48,1
F-360U,1
NPS48-M,1
ASA00C18-LS,1
LPS62,1
LCM1500W-T-4,1
ASA01A36-LS,1
SMT05E-12W3V3J,1
LPX60,1
AEE04B18-L,1
CS-300,1
RS-200W,1
FP30-400,1
F-105Z,1
WSX060-4000-13,1
C-60U,1
N-4MG,1
F-46X,1
FS10-600,1
WDU12-600,1
F-54X,1
VPL28-180,1
C-47U,1
FP56-200,1
FS20-600,1
FP20-600,1
F-12X,1
FD4-24,1
WDU6-800,1
TCT3-12E07AE,1
WAU20-200,1
SP-4,1
TCT50-06E07AB,1
